{
  "0.75": {
    "vdr": 0.639499668769462,
    "rpa": 0.9395557653895059,
    "rca": 0.9423375026437825,
    "gross_err": 0.06044423461049426,
    "median_cents": 22.776856563172082
  },
  "1.0": {
    "vdr": 0.6369081502629621,
    "rpa": 0.9375287785381857,
    "rca": 0.9402521433401142,
    "gross_err": 0.062471221461814344,
    "median_cents": 22.960441316158644
  },
  "1.25": {
    "vdr": 0.6344001476341647,
    "rpa": 0.9385664616160926,
    "rca": 0.941360309783545,
    "gross_err": 0.061433538383907395,
    "median_cents": 22.35476071410269
  },
  "1.5": {
    "vdr": 0.6310231277341267,
    "rpa": 0.937198183145608,
    "rca": 0.9400518866102514,
    "gross_err": 0.06280181685439194,
    "median_cents": 22.119611630182618
  },
  "1.75": {
    "vdr": 0.6276993907615215,
    "rpa": 0.9346700631308547,
    "rca": 0.9373849172399402,
    "gross_err": 0.06532993686914523,
    "median_cents": 22.107332204905422
  },
  "2.0": {
    "vdr": 0.6247645110061048,
    "rpa": 0.9344751880831207,
    "rca": 0.9372351326724219,
    "gross_err": 0.0655248119168793,
    "median_cents": 22.424472983967473
  },
  "2.25": {
    "vdr": 0.6219411158764305,
    "rpa": 0.9330418081021219,
    "rca": 0.9362100127571695,
    "gross_err": 0.06695819189787816,
    "median_cents": 26.271434230291668
  },
  "2.5": {
    "vdr": 0.618484037139061,
    "rpa": 0.9312910051940897,
    "rca": 0.9347107729787116,
    "gross_err": 0.06870899480591026,
    "median_cents": 27.176010681584312
  },
  "3.0": {
    "vdr": 0.6124119099967756,
    "rpa": 0.9288493817421333,
    "rca": 0.9323122454005291,
    "gross_err": 0.07115061825786677,
    "median_cents": 28.180879809281457
  }
}